{
  "id": "/subscriptions/08fa8cc0-5c64-473f-bf6f-fb9d72cab924/resourceGroups/VNResource/providers/Microsoft.Resources/deployments/Microsoft.VirtualNetwork-20201206160544",
  "name": "Microsoft.VirtualNetwork-20201206160544",
  "type": "Microsoft.Resources/deployments",
  "tags": {
    "primaryResourceId": "/subscriptions/08fa8cc0-5c64-473f-bf6f-fb9d72cab924/resourceGroups/VNResource/providers/Microsoft.Network/virtualNetworks/VN1",
    "marketplaceItemId": "Microsoft.VirtualNetwork-ARM"
  },
  "properties": {
    "templateHash": "3018732470637270133",
    "parameters": {
      "location": {
        "type": "String",
        "value": "westeurope"
      },
      "virtualNetworkName": {
        "type": "String",
        "value": "VN1"
      },
      "resourceGroup": {
        "type": "String",
        "value": "VNResource"
      },
      "addressSpaces": {
        "type": "Array",
        "value": [
          "10.0.0.0/16"
        ]
      },
      "ipv6Enabled": {
        "type": "Bool",
        "value": false
      },
      "subnetCount": {
        "type": "Int",
        "value": 1
      },
      "subnet0_name": {
        "type": "String",
        "value": "default"
      },
      "subnet0_addressRange": {
        "type": "String",
        "value": "10.0.0.0/24"
      },
      "ddosProtectionPlanEnabled": {
        "type": "Bool",
        "value": false
      },
      "firewallEnabled": {
        "type": "Bool",
        "value": false
      },
      "bastionEnabled": {
        "type": "Bool",
        "value": false
      }
    },
    "mode": "Incremental",
    "debugSetting": {
      "detailLevel": "None"
    },
    "provisioningState": "Succeeded",
    "timestamp": "2020-12-06T15:07:36.256857Z",
    "duration": "PT4.9503974S",
    "correlationId": "a2245a59-c43d-48a9-a12e-9f21a33d7dca",
    "providers": [
      {
        "namespace": "Microsoft.Network",
        "resourceTypes": [
          {
            "resourceType": "VirtualNetworks",
            "locations": [
              "westeurope"
            ]
          }
        ]
      }
    ],
    "dependencies": [],
    "outputResources": [
      {
        "id": "/subscriptions/08fa8cc0-5c64-473f-bf6f-fb9d72cab924/resourceGroups/VNResource/providers/Microsoft.Network/VirtualNetworks/VN1"
      }
    ],
    "validationLevel": "Template"
  }
}