[
  {
    "id": "/subscriptions/08fa8cc0-5c64-473f-bf6f-fb9d72cab924/resourceGroups/VNResource/providers/Microsoft.Resources/deployments/Microsoft.VirtualNetwork-20201206160544/operations/E14F2C6AC7A46DB9",
    "operationId": "E14F2C6AC7A46DB9",
    "properties": {
      "provisioningOperation": "Create",
      "provisioningState": "Succeeded",
      "timestamp": "2020-12-06T15:07:36.144753Z",
      "duration": "PT3.8121102S",
      "trackingId": "b811f80e-54b4-4d42-bb08-cd1fa78b5d25",
      "serviceRequestId": "5a9d82b2-910f-48b3-b464-b2cc14899af7",
      "statusCode": "OK",
      "targetResource": {
        "id": "/subscriptions/08fa8cc0-5c64-473f-bf6f-fb9d72cab924/resourceGroups/VNResource/providers/Microsoft.Network/VirtualNetworks/VN1",
        "resourceType": "Microsoft.Network/VirtualNetworks",
        "resourceName": "VN1"
      }
    }
  },
  {
    "id": "/subscriptions/08fa8cc0-5c64-473f-bf6f-fb9d72cab924/resourceGroups/VNResource/providers/Microsoft.Resources/deployments/Microsoft.VirtualNetwork-20201206160544/operations/08585943396341711652",
    "operationId": "08585943396341711652",
    "properties": {
      "provisioningOperation": "EvaluateDeploymentOutput",
      "provisioningState": "Succeeded",
      "timestamp": "2020-12-06T15:07:36.2338917Z",
      "duration": "PT3.9012489S",
      "trackingId": "94aa5985-8479-4e83-bf1c-bb1e91f03ff2",
      "statusCode": "OK"
    }
  }
]